Metric,Value
design__lint_error__count,0
design__lint_timing_construct__count,0
design__lint_warning__count,0
design__inferred_latch__count,0
design__instance__count,1313
design__instance__area,51967
design__instance_unmapped__count,0
synthesis__check_error__count,0
design__max_slew_violation__count__corner:nom_tt_025C_3v30,0
design__max_fanout_violation__count__corner:nom_tt_025C_3v30,0
design__max_cap_violation__count__corner:nom_tt_025C_3v30,0
power__internal__total,0.0003159655025228858
power__switching__total,0.0000504820272908546
power__leakage__total,3.6995892571667355E-8
power__total,0.0003664845135062933
clock__skew__worst_hold__corner:nom_tt_025C_3v30,-0.2506741829507708
clock__skew__worst_setup__corner:nom_tt_025C_3v30,0.2506042388982413
timing__hold__ws__corner:nom_tt_025C_3v30,1.2049477312536339
timing__setup__ws__corner:nom_tt_025C_3v30,11.986859843998117
timing__hold__tns__corner:nom_tt_025C_3v30,0.0
timing__setup__tns__corner:nom_tt_025C_3v30,0.0
timing__hold__wns__corner:nom_tt_025C_3v30,0
timing__setup__wns__corner:nom_tt_025C_3v30,0.0
timing__hold_vio__count__corner:nom_tt_025C_3v30,0
timing__hold_r2r__ws__corner:nom_tt_025C_3v30,1.204948
timing__hold_r2r_vio__count__corner:nom_tt_025C_3v30,0
timing__setup_vio__count__corner:nom_tt_025C_3v30,0
timing__setup_r2r__ws__corner:nom_tt_025C_3v30,Infinity
timing__setup_r2r_vio__count__corner:nom_tt_025C_3v30,0
design__max_slew_violation__count__corner:nom_ss_125C_3v00,0
design__max_fanout_violation__count__corner:nom_ss_125C_3v00,0
design__max_cap_violation__count__corner:nom_ss_125C_3v00,0
clock__skew__worst_hold__corner:nom_ss_125C_3v00,-0.25124233959969133
clock__skew__worst_setup__corner:nom_ss_125C_3v00,0.25117217350255056
timing__hold__ws__corner:nom_ss_125C_3v00,2.7108405176792476
timing__setup__ws__corner:nom_ss_125C_3v00,8.282883058318129
timing__hold__tns__corner:nom_ss_125C_3v00,0.0
timing__setup__tns__corner:nom_ss_125C_3v00,0.0
timing__hold__wns__corner:nom_ss_125C_3v00,0
timing__setup__wns__corner:nom_ss_125C_3v00,0.0
timing__hold_vio__count__corner:nom_ss_125C_3v00,0
timing__hold_r2r__ws__corner:nom_ss_125C_3v00,2.710840
timing__hold_r2r_vio__count__corner:nom_ss_125C_3v00,0
timing__setup_vio__count__corner:nom_ss_125C_3v00,0
timing__setup_r2r__ws__corner:nom_ss_125C_3v00,Infinity
timing__setup_r2r_vio__count__corner:nom_ss_125C_3v00,0
design__max_slew_violation__count__corner:nom_ff_n40C_3v60,0
design__max_fanout_violation__count__corner:nom_ff_n40C_3v60,0
design__max_cap_violation__count__corner:nom_ff_n40C_3v60,0
clock__skew__worst_hold__corner:nom_ff_n40C_3v60,-0.2504502232047943
clock__skew__worst_setup__corner:nom_ff_n40C_3v60,0.25037955750727836
timing__hold__ws__corner:nom_ff_n40C_3v60,0.565063345441796
timing__setup__ws__corner:nom_ff_n40C_3v60,13.570092988952503
timing__hold__tns__corner:nom_ff_n40C_3v60,0.0
timing__setup__tns__corner:nom_ff_n40C_3v60,0.0
timing__hold__wns__corner:nom_ff_n40C_3v60,0
timing__setup__wns__corner:nom_ff_n40C_3v60,0.0
timing__hold_vio__count__corner:nom_ff_n40C_3v60,0
timing__hold_r2r__ws__corner:nom_ff_n40C_3v60,0.565063
timing__hold_r2r_vio__count__corner:nom_ff_n40C_3v60,0
timing__setup_vio__count__corner:nom_ff_n40C_3v60,0
timing__setup_r2r__ws__corner:nom_ff_n40C_3v60,Infinity
timing__setup_r2r_vio__count__corner:nom_ff_n40C_3v60,0
design__max_slew_violation__count,0
design__max_fanout_violation__count,0
design__max_cap_violation__count,0
clock__skew__worst_hold,-0.25044345084415254
clock__skew__worst_setup,0.2503682609876833
timing__hold__ws,0.5635002068900665
timing__setup__ws,8.246236815684876
timing__hold__tns,0.0
timing__setup__tns,0.0
timing__hold__wns,0
timing__setup__wns,0.0
timing__hold_vio__count,0
timing__hold_r2r__ws,0.563500
timing__hold_r2r_vio__count,0
timing__setup_vio__count,0
timing__setup_r2r__ws,inf
timing__setup_r2r_vio__count,0
design__die__bbox,0.0 0.0 346.64 160.72
design__core__bbox,3.36 3.92 343.28 156.8
design__io,45
design__die__area,55712
design__core__area,51967
design__instance__count__stdcell,483
design__instance__area__stdcell,3222.55
design__instance__count__macros,0
design__instance__area__macros,0
design__instance__count__padcells,0
design__instance__area__padcells,0
design__instance__count__cover,0
design__instance__area__cover,0
design__instance__utilization,0.0620116
design__instance__utilization__stdcell,0.0620116
design__rows,39
design__rows:GF018hv5v_mcu_sc7,39
design__sites,23673
design__sites:GF018hv5v_mcu_sc7,23673
design__instance__count__class:tie_cell,23
design__instance__area__class:tie_cell,201.958
design__instance__count__class:buffer,7
design__instance__area__class:buffer,122.931
design__instance__count__class:inverter,6
design__instance__area__class:inverter,57.0752
design__instance__count__class:sequential_cell,5
design__instance__area__class:sequential_cell,318.304
design__instance__count__class:multi_input_combinational_cell,11
design__instance__area__class:multi_input_combinational_cell,270.01
flow__warnings__count,1
flow__errors__count,0
flow__warnings__count:ODB-0220,1
flow__warnings__type_count,1
flow__warnings__count:ORD-0039,1
design__instance__count__class:endcap_cell,78
design__instance__area__class:endcap_cell,342.451
design__instance__count__class:tap_cell,348
design__instance__area__class:tap_cell,1527.86
design__power_grid_violation__count__net:VPWR,0
design__power_grid_violation__count__net:VGND,0
design__power_grid_violation__count,0
timing__drv__floating__nets,2
timing__drv__floating__pins,0
design__instance__displacement__total,0
design__instance__displacement__mean,0
design__instance__displacement__max,0
route__wirelength__estimated,1040.17
design__violations,0
design__instance__count__class:timing_repair_buffer,1
design__instance__area__class:timing_repair_buffer,35.1232
flow__warnings__count:RSZ-0020,1
flow__warnings__count:STA-1140,6
design__instance__count__class:clock_buffer,4
design__instance__area__class:clock_buffer,346.842
design__instance__count__setup_buffer,0
design__instance__count__hold_buffer,0
global_route__vias,208
global_route__wirelength,1360
antenna__violating__nets,0
antenna__violating__pins,0
route__antenna_violation__count,0
antenna_diodes_count,0
route__net,75
route__net__special,2
route__drc_errors__iter:0,3
route__wirelength__iter:0,913
route__drc_errors__iter:1,0
route__wirelength__iter:1,909
route__drc_errors,0
route__wirelength,909
route__vias,208
route__vias__singlecut,208
route__vias__multicut,0
flow__warnings__count:DRT-0349,8
design__disconnected_pin__count,17
design__critical_disconnected_pin__count,0
route__wirelength__max,138.1
design__instance__count__class:fill_cell,830
design__instance__area__class:fill_cell,48744.4
timing__unannotated_net__count__corner:nom_tt_025C_3v30,22
timing__unannotated_net_filtered__count__corner:nom_tt_025C_3v30,0
timing__unannotated_net__count__corner:nom_ss_125C_3v00,22
timing__unannotated_net_filtered__count__corner:nom_ss_125C_3v00,0
timing__unannotated_net__count__corner:nom_ff_n40C_3v60,22
timing__unannotated_net_filtered__count__corner:nom_ff_n40C_3v60,0
design__max_slew_violation__count__corner:min_tt_025C_3v30,0
design__max_fanout_violation__count__corner:min_tt_025C_3v30,0
design__max_cap_violation__count__corner:min_tt_025C_3v30,0
clock__skew__worst_hold__corner:min_tt_025C_3v30,-0.25070887742127157
clock__skew__worst_setup__corner:min_tt_025C_3v30,0.2506431522163549
timing__hold__ws__corner:min_tt_025C_3v30,1.2023764546558813
timing__setup__ws__corner:min_tt_025C_3v30,12.003291145227278
timing__hold__tns__corner:min_tt_025C_3v30,0.0
timing__setup__tns__corner:min_tt_025C_3v30,0.0
timing__hold__wns__corner:min_tt_025C_3v30,0
timing__setup__wns__corner:min_tt_025C_3v30,0.0
timing__hold_vio__count__corner:min_tt_025C_3v30,0
timing__hold_r2r__ws__corner:min_tt_025C_3v30,1.202376
timing__hold_r2r_vio__count__corner:min_tt_025C_3v30,0
timing__setup_vio__count__corner:min_tt_025C_3v30,0
timing__setup_r2r__ws__corner:min_tt_025C_3v30,Infinity
timing__setup_r2r_vio__count__corner:min_tt_025C_3v30,0
timing__unannotated_net__count__corner:min_tt_025C_3v30,22
timing__unannotated_net_filtered__count__corner:min_tt_025C_3v30,0
design__max_slew_violation__count__corner:min_ss_125C_3v00,0
design__max_fanout_violation__count__corner:min_ss_125C_3v00,0
design__max_cap_violation__count__corner:min_ss_125C_3v00,0
clock__skew__worst_hold__corner:min_ss_125C_3v00,-0.2513179457898066
clock__skew__worst_setup__corner:min_ss_125C_3v00,0.2512521095625843
timing__hold__ws__corner:min_ss_125C_3v00,2.7058724915481496
timing__setup__ws__corner:min_ss_125C_3v00,8.313728607528267
timing__hold__tns__corner:min_ss_125C_3v00,0.0
timing__setup__tns__corner:min_ss_125C_3v00,0.0
timing__hold__wns__corner:min_ss_125C_3v00,0
timing__setup__wns__corner:min_ss_125C_3v00,0.0
timing__hold_vio__count__corner:min_ss_125C_3v00,0
timing__hold_r2r__ws__corner:min_ss_125C_3v00,2.705873
timing__hold_r2r_vio__count__corner:min_ss_125C_3v00,0
timing__setup_vio__count__corner:min_ss_125C_3v00,0
timing__setup_r2r__ws__corner:min_ss_125C_3v00,Infinity
timing__setup_r2r_vio__count__corner:min_ss_125C_3v00,0
timing__unannotated_net__count__corner:min_ss_125C_3v00,22
timing__unannotated_net_filtered__count__corner:min_ss_125C_3v00,0
design__max_slew_violation__count__corner:min_ff_n40C_3v60,0
design__max_fanout_violation__count__corner:min_ff_n40C_3v60,0
design__max_cap_violation__count__corner:min_ff_n40C_3v60,0
clock__skew__worst_hold__corner:min_ff_n40C_3v60,-0.25046693206178744
clock__skew__worst_setup__corner:min_ff_n40C_3v60,0.2504004852118844
timing__hold__ws__corner:min_ff_n40C_3v60,0.5635002068900665
timing__setup__ws__corner:min_ff_n40C_3v60,13.580070785601606
timing__hold__tns__corner:min_ff_n40C_3v60,0.0
timing__setup__tns__corner:min_ff_n40C_3v60,0.0
timing__hold__wns__corner:min_ff_n40C_3v60,0
timing__setup__wns__corner:min_ff_n40C_3v60,0.0
timing__hold_vio__count__corner:min_ff_n40C_3v60,0
timing__hold_r2r__ws__corner:min_ff_n40C_3v60,0.563500
timing__hold_r2r_vio__count__corner:min_ff_n40C_3v60,0
timing__setup_vio__count__corner:min_ff_n40C_3v60,0
timing__setup_r2r__ws__corner:min_ff_n40C_3v60,Infinity
timing__setup_r2r_vio__count__corner:min_ff_n40C_3v60,0
timing__unannotated_net__count__corner:min_ff_n40C_3v60,22
timing__unannotated_net_filtered__count__corner:min_ff_n40C_3v60,0
design__max_slew_violation__count__corner:max_tt_025C_3v30,0
design__max_fanout_violation__count__corner:max_tt_025C_3v30,0
design__max_cap_violation__count__corner:max_tt_025C_3v30,0
clock__skew__worst_hold__corner:max_tt_025C_3v30,-0.2506561418261104
clock__skew__worst_setup__corner:max_tt_025C_3v30,0.2505817568813568
timing__hold__ws__corner:max_tt_025C_3v30,1.208246870086916
timing__setup__ws__corner:max_tt_025C_3v30,11.967291496501854
timing__hold__tns__corner:max_tt_025C_3v30,0.0
timing__setup__tns__corner:max_tt_025C_3v30,0.0
timing__hold__wns__corner:max_tt_025C_3v30,0
timing__setup__wns__corner:max_tt_025C_3v30,0.0
timing__hold_vio__count__corner:max_tt_025C_3v30,0
timing__hold_r2r__ws__corner:max_tt_025C_3v30,1.208247
timing__hold_r2r_vio__count__corner:max_tt_025C_3v30,0
timing__setup_vio__count__corner:max_tt_025C_3v30,0
timing__setup_r2r__ws__corner:max_tt_025C_3v30,Infinity
timing__setup_r2r_vio__count__corner:max_tt_025C_3v30,0
timing__unannotated_net__count__corner:max_tt_025C_3v30,22
timing__unannotated_net_filtered__count__corner:max_tt_025C_3v30,0
design__max_slew_violation__count__corner:max_ss_125C_3v00,0
design__max_fanout_violation__count__corner:max_ss_125C_3v00,0
design__max_cap_violation__count__corner:max_ss_125C_3v00,0
clock__skew__worst_hold__corner:max_ss_125C_3v00,-0.25119826374436716
clock__skew__worst_setup__corner:max_ss_125C_3v00,0.2511236567550023
timing__hold__ws__corner:max_ss_125C_3v00,2.7170897412169976
timing__setup__ws__corner:max_ss_125C_3v00,8.246236815684876
timing__hold__tns__corner:max_ss_125C_3v00,0.0
timing__setup__tns__corner:max_ss_125C_3v00,0.0
timing__hold__wns__corner:max_ss_125C_3v00,0
timing__setup__wns__corner:max_ss_125C_3v00,0.0
timing__hold_vio__count__corner:max_ss_125C_3v00,0
timing__hold_r2r__ws__corner:max_ss_125C_3v00,2.717090
timing__hold_r2r_vio__count__corner:max_ss_125C_3v00,0
timing__setup_vio__count__corner:max_ss_125C_3v00,0
timing__setup_r2r__ws__corner:max_ss_125C_3v00,Infinity
timing__setup_r2r_vio__count__corner:max_ss_125C_3v00,0
timing__unannotated_net__count__corner:max_ss_125C_3v00,22
timing__unannotated_net_filtered__count__corner:max_ss_125C_3v00,0
design__max_slew_violation__count__corner:max_ff_n40C_3v60,0
design__max_fanout_violation__count__corner:max_ff_n40C_3v60,0
design__max_cap_violation__count__corner:max_ff_n40C_3v60,0
clock__skew__worst_hold__corner:max_ff_n40C_3v60,-0.25044345084415254
clock__skew__worst_setup__corner:max_ff_n40C_3v60,0.2503682609876833
timing__hold__ws__corner:max_ff_n40C_3v60,0.5670373220354075
timing__setup__ws__corner:max_ff_n40C_3v60,13.558260675710617
timing__hold__tns__corner:max_ff_n40C_3v60,0.0
timing__setup__tns__corner:max_ff_n40C_3v60,0.0
timing__hold__wns__corner:max_ff_n40C_3v60,0
timing__setup__wns__corner:max_ff_n40C_3v60,0.0
timing__hold_vio__count__corner:max_ff_n40C_3v60,0
timing__hold_r2r__ws__corner:max_ff_n40C_3v60,0.567037
timing__hold_r2r_vio__count__corner:max_ff_n40C_3v60,0
timing__setup_vio__count__corner:max_ff_n40C_3v60,0
timing__setup_r2r__ws__corner:max_ff_n40C_3v60,Infinity
timing__setup_r2r_vio__count__corner:max_ff_n40C_3v60,0
timing__unannotated_net__count__corner:max_ff_n40C_3v60,22
timing__unannotated_net_filtered__count__corner:max_ff_n40C_3v60,0
timing__unannotated_net__count,22
timing__unannotated_net_filtered__count,0
design_powergrid__voltage__worst__net:VPWR__corner:nom_tt_025C_3v30,3.29996
design_powergrid__drop__average__net:VPWR__corner:nom_tt_025C_3v30,3.3
design_powergrid__drop__worst__net:VPWR__corner:nom_tt_025C_3v30,0.0000391496
design_powergrid__voltage__worst__net:VGND__corner:nom_tt_025C_3v30,0.000030976
design_powergrid__drop__average__net:VGND__corner:nom_tt_025C_3v30,0.00000213915
design_powergrid__drop__worst__net:VGND__corner:nom_tt_025C_3v30,0.000030976
design_powergrid__voltage__worst,0.000030976
design_powergrid__voltage__worst__net:VPWR,3.29996
design_powergrid__drop__worst,0.0000391496
design_powergrid__drop__worst__net:VPWR,0.0000391496
design_powergrid__voltage__worst__net:VGND,0.000030976
design_powergrid__drop__worst__net:VGND,0.000030976
ir__voltage__worst,3.29999999999999982236431605997495353221893310546875
ir__drop__avg,0.0000022000000000000001122040828305248538754312903620302677154541015625
ir__drop__worst,0.00003910000000000000172466207981614161326433531939983367919921875
magic__drc_error__count,0
magic__illegal_overlap__count,0
design__lvs_device_difference__count,0
design__lvs_net_difference__count,0
design__lvs_property_fail__count,0
design__lvs_error__count,0
design__lvs_unmatched_device__count,0
design__lvs_unmatched_net__count,0
design__lvs_unmatched_pin__count,0
